<?xml version="1.0"?>
<!--
Copyright 2006 The Apache Software Foundation
Licensed under the Apache License, Version 2.0 (the "License");
you may not use this file except in compliance with the License.
You may obtain a copy of the License at

http://www.apache.org/licenses/LICENSE-2.0

Unless required by applicable law or agreed to in writing, software
distributed under the License is distributed on an "AS IS" BASIS,
WITHOUT WARRANTIES OR CONDITIONS OF ANY KIND, either express or implied.
See the License for the specific language governing permissions and
limitations under the License.
-->
<!--
// ======================================================================== 78
-->
<document>

    <properties>
        <title>Source Xref report</title>
    </properties>

    <body>

        <section name="Struts 2 - Source Xref">

         <ul>
            <li>
               <a href="struts-core/jxr.html" target="_blank">
               Struts Core</a></li>
         </ul>

       </section>

    </body>
</document>
